id,title,submitter,date,detail_url,file_path,text_path
F2665641,Feedback from: U.S. Chamber of Commerce,,,https://ec.europa.eu/info/law/better-regulation/have-your-say/initiatives/12527-Artificial-intelligence-ethical-and-legal-requirements/F2665641_en,data/pdfs/F2665641__090166e5e0ab5b27.pdf,
F2665642,Feedback from: University of Cambridge,,,https://ec.europa.eu/info/law/better-regulation/have-your-say/initiatives/12527-Artificial-intelligence-ethical-and-legal-requirements/F2665642_en,data/pdfs/F2665642__090166e5e0ab65e6.pdf,
F2665643,Feedback from: Confederation of Laboratories for AI Research in Europe (CLAIRE),,,https://ec.europa.eu/info/law/better-regulation/have-your-say/initiatives/12527-Artificial-intelligence-ethical-and-legal-requirements/F2665643_en,data/pdfs/F2665643__090166e5e0ab8807.pdf,
F2665645,Feedback from: American Property Casualty Insurance Association,,,https://ec.europa.eu/info/law/better-regulation/have-your-say/initiatives/12527-Artificial-intelligence-ethical-and-legal-requirements/F2665645_en,data/pdfs/F2665645__090166e5e0ab9ec2.pdf,
F2665646,Feedback from: Fair Trials,,,https://ec.europa.eu/info/law/better-regulation/have-your-say/initiatives/12527-Artificial-intelligence-ethical-and-legal-requirements/F2665646_en,data/pdfs/F2665646__090166e5e0ab8061.pdf,
F2665647,Feedback from: CrowdStrike,,,https://ec.europa.eu/info/law/better-regulation/have-your-say/initiatives/12527-Artificial-intelligence-ethical-and-legal-requirements/F2665647_en,data/pdfs/F2665647__090166e5e0aba69d.pdf,
F2665648,Feedback from: UC Berkeley Center for Human-Compatible AI,,,https://ec.europa.eu/info/law/better-regulation/have-your-say/initiatives/12527-Artificial-intelligence-ethical-and-legal-requirements/F2665648_en,data/pdfs/F2665648__090166e5e0aba041.pdf,
F2665649,Feedback from: Digitalcourage e.V.,,,https://ec.europa.eu/info/law/better-regulation/have-your-say/initiatives/12527-Artificial-intelligence-ethical-and-legal-requirements/F2665649_en,data/pdfs/F2665649__090166e5e0ab8064.pdf,
F2665650,Feedback from: AI Austria,,,https://ec.europa.eu/info/law/better-regulation/have-your-say/initiatives/12527-Artificial-intelligence-ethical-and-legal-requirements/F2665650_en,data/pdfs/F2665650__090166e5e0ab9c0c.pdf,
F2665651,Feedback from: Equinet,,,https://ec.europa.eu/info/law/better-regulation/have-your-say/initiatives/12527-Artificial-intelligence-ethical-and-legal-requirements/F2665651_en,data/pdfs/F2665651__090166e5e1cd1796.pdf,
F2665627,Feedback from: Håkan Burden,,,https://ec.europa.eu/info/law/better-regulation/have-your-say/initiatives/12527-Artificial-intelligence-ethical-and-legal-requirements/F2665627_en,data/pdfs/F2665627__090166e5e1cd17d1.pdf,
F2665628,Feedback from: European Federation of Psychologists’ Associations (EFPA),,,https://ec.europa.eu/info/law/better-regulation/have-your-say/initiatives/12527-Artificial-intelligence-ethical-and-legal-requirements/F2665628_en,,data/text/F2665628.txt
F2665629,Feedback from: ALLAI,,,https://ec.europa.eu/info/law/better-regulation/have-your-say/initiatives/12527-Artificial-intelligence-ethical-and-legal-requirements/F2665629_en,data/pdfs/F2665629__090166e5e0ab0338.pdf,
F2665632,Feedback from: BETTER FINANCE,,,https://ec.europa.eu/info/law/better-regulation/have-your-say/initiatives/12527-Artificial-intelligence-ethical-and-legal-requirements/F2665632_en,data/pdfs/F2665632__090166e5e0aafce3.pdf,
F2665633,Feedback from: DIGITALEUROPE,,,https://ec.europa.eu/info/law/better-regulation/have-your-say/initiatives/12527-Artificial-intelligence-ethical-and-legal-requirements/F2665633_en,data/pdfs/F2665633__090166e5e0ab0dd2.pdf,
F2665634,Feedback from: Amnesty International,,,https://ec.europa.eu/info/law/better-regulation/have-your-say/initiatives/12527-Artificial-intelligence-ethical-and-legal-requirements/F2665634_en,data/pdfs/F2665634__090166e5e0ab1f08.pdf,
F2665637,Feedback from: Getty Images (UK) Ltd,,,https://ec.europa.eu/info/law/better-regulation/have-your-say/initiatives/12527-Artificial-intelligence-ethical-and-legal-requirements/F2665637_en,data/pdfs/F2665637__090166e5e0ab2408.pdf,
F2665638,Feedback from: World Employment Confederation - Europe,,,https://ec.europa.eu/info/law/better-regulation/have-your-say/initiatives/12527-Artificial-intelligence-ethical-and-legal-requirements/F2665638_en,data/pdfs/F2665638__090166e5e0ab240a.pdf,
F2665639,Feedback from: Institute for Social Science Research e.V. (ISF Munich),,,https://ec.europa.eu/info/law/better-regulation/have-your-say/initiatives/12527-Artificial-intelligence-ethical-and-legal-requirements/F2665639_en,,data/text/F2665639.txt
F2665640,Feedback from: Dr. Bublitz & Prof. Douglas,,,https://ec.europa.eu/info/law/better-regulation/have-your-say/initiatives/12527-Artificial-intelligence-ethical-and-legal-requirements/F2665640_en,data/pdfs/F2665640__090166e5e0ab49da.pdf,
F2665611,Feedback from: The Future Society,,,https://ec.europa.eu/info/law/better-regulation/have-your-say/initiatives/12527-Artificial-intelligence-ethical-and-legal-requirements/F2665611_en,data/pdfs/F2665611__090166e5e0aa234b.pdf,
F2665614,Feedback from: Technology Industries of Finland,,,https://ec.europa.eu/info/law/better-regulation/have-your-say/initiatives/12527-Artificial-intelligence-ethical-and-legal-requirements/F2665614_en,data/pdfs/F2665614__090166e5e1cd10bf.pdf,
F2665615,Feedback from: IBM,,,https://ec.europa.eu/info/law/better-regulation/have-your-say/initiatives/12527-Artificial-intelligence-ethical-and-legal-requirements/F2665615_en,data/pdfs/F2665615__090166e5e0aa7a57.pdf,
F2665616,Feedback from: Federation of Craft Businesses in the automotive sector and in mobility services (FNA),,,https://ec.europa.eu/info/law/better-regulation/have-your-say/initiatives/12527-Artificial-intelligence-ethical-and-legal-requirements/F2665616_en,data/pdfs/F2665616__090166e5e0aa77cd.pdf,
F2665617,Feedback from: Fédération Française de l'Assurance,,,https://ec.europa.eu/info/law/better-regulation/have-your-say/initiatives/12527-Artificial-intelligence-ethical-and-legal-requirements/F2665617_en,data/pdfs/F2665617__090166e5e0aa77cf.pdf,
F2665618,Feedback from: 5G Automotive Association,,,https://ec.europa.eu/info/law/better-regulation/have-your-say/initiatives/12527-Artificial-intelligence-ethical-and-legal-requirements/F2665618_en,data/pdfs/F2665618__090166e5e0aa7f3a.pdf,
F2665623,Feedback from: Climate Change AI,,,https://ec.europa.eu/info/law/better-regulation/have-your-say/initiatives/12527-Artificial-intelligence-ethical-and-legal-requirements/F2665623_en,data/pdfs/F2665623__090166e5e0aab155.pdf,
F2665624,Feedback from: Johner Institut GmbH,,,https://ec.europa.eu/info/law/better-regulation/have-your-say/initiatives/12527-Artificial-intelligence-ethical-and-legal-requirements/F2665624_en,data/pdfs/F2665624__090166e5e0aab159.pdf,
F2665625,Feedback from: Avaaz Foundation,,,https://ec.europa.eu/info/law/better-regulation/have-your-say/initiatives/12527-Artificial-intelligence-ethical-and-legal-requirements/F2665625_en,data/pdfs/F2665625__090166e5e0aab4b5.pdf,
F2665626,Feedback from: University of Cambridge (Leverhulme Centre for the Future of Intelligence and Centre for the Study of Existential Risk),,,https://ec.europa.eu/info/law/better-regulation/have-your-say/initiatives/12527-Artificial-intelligence-ethical-and-legal-requirements/F2665626_en,data/pdfs/F2665626__090166e5e0aab6fd.pdf,
F2665599,Feedback from: Engine,,,https://ec.europa.eu/info/law/better-regulation/have-your-say/initiatives/12527-Artificial-intelligence-ethical-and-legal-requirements/F2665599_en,data/pdfs/F2665599__090166e5e0a9b123.pdf,
F2665600,Feedback from: Dessislava Fessenko,,,https://ec.europa.eu/info/law/better-regulation/have-your-say/initiatives/12527-Artificial-intelligence-ethical-and-legal-requirements/F2665600_en,data/pdfs/F2665600__090166e5e0a9ad81.pdf,
F2665602,Feedback from: KI Bundesverband e.V.,,,https://ec.europa.eu/info/law/better-regulation/have-your-say/initiatives/12527-Artificial-intelligence-ethical-and-legal-requirements/F2665602_en,data/pdfs/F2665602__090166e5e0a9a785.pdf,
F2665603,Feedback from: European AI Forum,,,https://ec.europa.eu/info/law/better-regulation/have-your-say/initiatives/12527-Artificial-intelligence-ethical-and-legal-requirements/F2665603_en,data/pdfs/F2665603__090166e5e15ec350.pdf,
F2665604,Feedback from: Siemens Healthineers,,,https://ec.europa.eu/info/law/better-regulation/have-your-say/initiatives/12527-Artificial-intelligence-ethical-and-legal-requirements/F2665604_en,data/pdfs/F2665604__090166e5e0a9b0d1.pdf,
F2665605,Feedback from: European Healthcare Fraud and Corruption Network-AI Working Group,,,https://ec.europa.eu/info/law/better-regulation/have-your-say/initiatives/12527-Artificial-intelligence-ethical-and-legal-requirements/F2665605_en,,data/text/F2665605.txt
F2665607,Feedback from: Facebook Ireland Limited,,,https://ec.europa.eu/info/law/better-regulation/have-your-say/initiatives/12527-Artificial-intelligence-ethical-and-legal-requirements/F2665607_en,data/pdfs/F2665607__090166e5e0a9e4d6.pdf,
F2665608,Feedback from: LA POSTE,,,https://ec.europa.eu/info/law/better-regulation/have-your-say/initiatives/12527-Artificial-intelligence-ethical-and-legal-requirements/F2665608_en,,data/text/F2665608.txt
F2665609,Feedback from: Governance in AI Research Group (GAIRG),,,https://ec.europa.eu/info/law/better-regulation/have-your-say/initiatives/12527-Artificial-intelligence-ethical-and-legal-requirements/F2665609_en,data/pdfs/F2665609__090166e5e0aa187b.pdf,
F2665610,Feedback from: ABB,,,https://ec.europa.eu/info/law/better-regulation/have-your-say/initiatives/12527-Artificial-intelligence-ethical-and-legal-requirements/F2665610_en,data/pdfs/F2665610__090166e5e0aa22c5.pdf,
F2665583,Feedback from: Infineon Technologies AG,,,https://ec.europa.eu/info/law/better-regulation/have-your-say/initiatives/12527-Artificial-intelligence-ethical-and-legal-requirements/F2665583_en,,data/text/F2665583.txt
F2665586,Feedback from: Philips,,,https://ec.europa.eu/info/law/better-regulation/have-your-say/initiatives/12527-Artificial-intelligence-ethical-and-legal-requirements/F2665586_en,data/pdfs/F2665586__090166e5e0a8f2cf.pdf,
F2665587,Feedback from: Unipol Gruppo S.p.A.,,,https://ec.europa.eu/info/law/better-regulation/have-your-say/initiatives/12527-Artificial-intelligence-ethical-and-legal-requirements/F2665587_en,data/pdfs/F2665587__090166e5e0a8fa4d.pdf,
F2665589,Feedback from: Impact AI,,,https://ec.europa.eu/info/law/better-regulation/have-your-say/initiatives/12527-Artificial-intelligence-ethical-and-legal-requirements/F2665589_en,data/pdfs/F2665589__090166e5e0a8f8b3.pdf,
F2665590,Feedback from: CroAI - Croatian AI Association,,,https://ec.europa.eu/info/law/better-regulation/have-your-say/initiatives/12527-Artificial-intelligence-ethical-and-legal-requirements/F2665590_en,data/pdfs/F2665590__090166e5e0a9070d.pdf,
F2665591,Feedback from: Global Legal Entity Identifier Foundation (GLEIF),,,https://ec.europa.eu/info/law/better-regulation/have-your-say/initiatives/12527-Artificial-intelligence-ethical-and-legal-requirements/F2665591_en,data/pdfs/F2665591__090166e5e0a93055.pdf,
F2665594,Feedback from: LinkedIn,,,https://ec.europa.eu/info/law/better-regulation/have-your-say/initiatives/12527-Artificial-intelligence-ethical-and-legal-requirements/F2665594_en,data/pdfs/F2665594__090166e5e0a956c4.pdf,
F2665595,Feedback from: INFOBALT,,,https://ec.europa.eu/info/law/better-regulation/have-your-say/initiatives/12527-Artificial-intelligence-ethical-and-legal-requirements/F2665595_en,,data/text/F2665595.txt
F2665596,Feedback from: Martin Haimerl,,,https://ec.europa.eu/info/law/better-regulation/have-your-say/initiatives/12527-Artificial-intelligence-ethical-and-legal-requirements/F2665596_en,,data/text/F2665596.txt
F2665597,Feedback from: CFE-CGC,,,https://ec.europa.eu/info/law/better-regulation/have-your-say/initiatives/12527-Artificial-intelligence-ethical-and-legal-requirements/F2665597_en,,data/text/F2665597.txt
F2665565,Feedback from: Nokia,,,https://ec.europa.eu/info/law/better-regulation/have-your-say/initiatives/12527-Artificial-intelligence-ethical-and-legal-requirements/F2665565_en,data/pdfs/F2665565__090166e5e0a7d0de.pdf,
F2665567,Feedback from: Kancelaria Radców Prawnych Konieczny Wierzbicki,,,https://ec.europa.eu/info/law/better-regulation/have-your-say/initiatives/12527-Artificial-intelligence-ethical-and-legal-requirements/F2665567_en,,data/text/F2665567.txt
F2665568,Feedback from: BVI,,,https://ec.europa.eu/info/law/better-regulation/have-your-say/initiatives/12527-Artificial-intelligence-ethical-and-legal-requirements/F2665568_en,data/pdfs/F2665568__090166e5e0a7e770.pdf,
F2665573,Feedback from: Medtronic plc,,,https://ec.europa.eu/info/law/better-regulation/have-your-say/initiatives/12527-Artificial-intelligence-ethical-and-legal-requirements/F2665573_en,data/pdfs/F2665573__090166e5e0a81cb9.pdf,
F2665574,Feedback from: European DIGITAL SME Alliance,,,https://ec.europa.eu/info/law/better-regulation/have-your-say/initiatives/12527-Artificial-intelligence-ethical-and-legal-requirements/F2665574_en,data/pdfs/F2665574__090166e5e0a83483.pdf,
F2665576,Feedback from: Open Future Foundation,,,https://ec.europa.eu/info/law/better-regulation/have-your-say/initiatives/12527-Artificial-intelligence-ethical-and-legal-requirements/F2665576_en,data/pdfs/F2665576__090166e5e0a8658c.pdf,
F2665578,Feedback from: Women in AI Austria,,,https://ec.europa.eu/info/law/better-regulation/have-your-say/initiatives/12527-Artificial-intelligence-ethical-and-legal-requirements/F2665578_en,data/pdfs/F2665578__090166e5e0a88591.pdf,
F2665579,Feedback from: techUK,,,https://ec.europa.eu/info/law/better-regulation/have-your-say/initiatives/12527-Artificial-intelligence-ethical-and-legal-requirements/F2665579_en,data/pdfs/F2665579__090166e5e0a892b1.pdf,
F2665580,Feedback from: European Evangelical Alliance,,,https://ec.europa.eu/info/law/better-regulation/have-your-say/initiatives/12527-Artificial-intelligence-ethical-and-legal-requirements/F2665580_en,data/pdfs/F2665580__090166e5e0a897ee.pdf,
F2665582,Feedback from: SHERPA Project,,,https://ec.europa.eu/info/law/better-regulation/have-your-say/initiatives/12527-Artificial-intelligence-ethical-and-legal-requirements/F2665582_en,data/pdfs/F2665582__090166e5e0a8c6d1.pdf,
F2665551,Feedback from: Koalicja AI w Zdrowiu & Grupa Robocza ds. Sztucznej Inteligencji - sekcja ds. zdrowia,,,https://ec.europa.eu/info/law/better-regulation/have-your-say/initiatives/12527-Artificial-intelligence-ethical-and-legal-requirements/F2665551_en,,data/text/F2665551.txt
F2665553,Feedback from: Paris EUROPLACE,,,https://ec.europa.eu/info/law/better-regulation/have-your-say/initiatives/12527-Artificial-intelligence-ethical-and-legal-requirements/F2665553_en,data/pdfs/F2665553__090166e5e0a6f2bc.pdf,
F2665554,Feedback from: Trilateral Research,,,https://ec.europa.eu/info/law/better-regulation/have-your-say/initiatives/12527-Artificial-intelligence-ethical-and-legal-requirements/F2665554_en,data/pdfs/F2665554__090166e5e0a70d3e.pdf,
F2665556,Feedback from: Microsoft Corporation,,,https://ec.europa.eu/info/law/better-regulation/have-your-say/initiatives/12527-Artificial-intelligence-ethical-and-legal-requirements/F2665556_en,data/pdfs/F2665556__090166e5e0a7123e.pdf,
F2665558,"Feedback from: Compliant and Accountable Systems group, University of Cambridge",,,https://ec.europa.eu/info/law/better-regulation/have-your-say/initiatives/12527-Artificial-intelligence-ethical-and-legal-requirements/F2665558_en,data/pdfs/F2665558__090166e5e0a734c5.pdf,
F2665559,Feedback from: Infineon Technologies AG,,,https://ec.europa.eu/info/law/better-regulation/have-your-say/initiatives/12527-Artificial-intelligence-ethical-and-legal-requirements/F2665559_en,,data/text/F2665559.txt
F2665561,Feedback from: Digital Therapeutics Alliance,,,https://ec.europa.eu/info/law/better-regulation/have-your-say/initiatives/12527-Artificial-intelligence-ethical-and-legal-requirements/F2665561_en,data/pdfs/F2665561__090166e5e0a7866e.pdf,
F2665562,Feedback from: OpenForum Europe,,,https://ec.europa.eu/info/law/better-regulation/have-your-say/initiatives/12527-Artificial-intelligence-ethical-and-legal-requirements/F2665562_en,data/pdfs/F2665562__090166e5e0a78b7f.pdf,
F2665563,Feedback from: Beltug,,,https://ec.europa.eu/info/law/better-regulation/have-your-say/initiatives/12527-Artificial-intelligence-ethical-and-legal-requirements/F2665563_en,data/pdfs/F2665563__090166e5e0a7944f.pdf,
F2665564,Feedback from: TIC Council,,,https://ec.europa.eu/info/law/better-regulation/have-your-say/initiatives/12527-Artificial-intelligence-ethical-and-legal-requirements/F2665564_en,,data/text/F2665564.txt
F2665537,Feedback from: Federation of Craft Businesses in the automotive sector and in mobility services (FNA),,,https://ec.europa.eu/info/law/better-regulation/have-your-say/initiatives/12527-Artificial-intelligence-ethical-and-legal-requirements/F2665537_en,data/pdfs/F2665537__090166e5e1cd0b07.pdf,
F2665539,Feedback from: Japan Business Council in Europe (JBCE),,,https://ec.europa.eu/info/law/better-regulation/have-your-say/initiatives/12527-Artificial-intelligence-ethical-and-legal-requirements/F2665539_en,data/pdfs/F2665539__090166e5e0a676bb.pdf,
F2665540,Feedback from: Federation of German Industries / Bundesverband der Deutschen Industrie (BDI),,,https://ec.europa.eu/info/law/better-regulation/have-your-say/initiatives/12527-Artificial-intelligence-ethical-and-legal-requirements/F2665540_en,,data/text/F2665540.txt
F2665541,Feedback from: European Society for Medical Oncology (ESMO),,,https://ec.europa.eu/info/law/better-regulation/have-your-say/initiatives/12527-Artificial-intelligence-ethical-and-legal-requirements/F2665541_en,,data/text/F2665541.txt
F2665542,Feedback from: Onfido,,,https://ec.europa.eu/info/law/better-regulation/have-your-say/initiatives/12527-Artificial-intelligence-ethical-and-legal-requirements/F2665542_en,data/pdfs/F2665542__090166e5e0a674c7.pdf,
F2665543,Feedback from: Siemens Energy,,,https://ec.europa.eu/info/law/better-regulation/have-your-say/initiatives/12527-Artificial-intelligence-ethical-and-legal-requirements/F2665543_en,data/pdfs/F2665543__090166e5e0a68aab.pdf,
F2665546,Feedback from: Future of Life Institute (FLI),,,https://ec.europa.eu/info/law/better-regulation/have-your-say/initiatives/12527-Artificial-intelligence-ethical-and-legal-requirements/F2665546_en,data/pdfs/F2665546__090166e5e0a6d2f2.pdf,
F2665547,Feedback from: Insurance Europe,,,https://ec.europa.eu/info/law/better-regulation/have-your-say/initiatives/12527-Artificial-intelligence-ethical-and-legal-requirements/F2665547_en,,data/text/F2665547.txt
F2665548,Feedback from: Hogan Lovells International LLP,,,https://ec.europa.eu/info/law/better-regulation/have-your-say/initiatives/12527-Artificial-intelligence-ethical-and-legal-requirements/F2665548_en,data/pdfs/F2665548__090166e5e0a6dc8b.pdf,
F2665550,Feedback from: European Edtech Alliance,,,https://ec.europa.eu/info/law/better-regulation/have-your-say/initiatives/12527-Artificial-intelligence-ethical-and-legal-requirements/F2665550_en,data/pdfs/F2665550__090166e5e0a6ef1e.pdf,
F2665525,Feedback from: Mastercard,,,https://ec.europa.eu/info/law/better-regulation/have-your-say/initiatives/12527-Artificial-intelligence-ethical-and-legal-requirements/F2665525_en,data/pdfs/F2665525__090166e5e0a53b9b.pdf,
F2665526,Feedback from: Sky,,,https://ec.europa.eu/info/law/better-regulation/have-your-say/initiatives/12527-Artificial-intelligence-ethical-and-legal-requirements/F2665526_en,data/pdfs/F2665526__090166e5e0a53b9e.pdf,
F2665527,Feedback from: Moje Państwo Foundation,,,https://ec.europa.eu/info/law/better-regulation/have-your-say/initiatives/12527-Artificial-intelligence-ethical-and-legal-requirements/F2665527_en,data/pdfs/F2665527__090166e5e0a54d14.pdf,
F2665528,Feedback from: European Patients' Forum (EPF),,,https://ec.europa.eu/info/law/better-regulation/have-your-say/initiatives/12527-Artificial-intelligence-ethical-and-legal-requirements/F2665528_en,data/pdfs/F2665528__090166e5e0a5a74a.pdf,
F2665530,Feedback from: European Cancer Organisation,,,https://ec.europa.eu/info/law/better-regulation/have-your-say/initiatives/12527-Artificial-intelligence-ethical-and-legal-requirements/F2665530_en,,data/text/F2665530.txt
F2665532,Feedback from: MedTech Europe,,,https://ec.europa.eu/info/law/better-regulation/have-your-say/initiatives/12527-Artificial-intelligence-ethical-and-legal-requirements/F2665532_en,data/pdfs/F2665532__090166e5e0a5e4a3.pdf,
F2665533,Feedback from: BSA | The Software Alliance,,,https://ec.europa.eu/info/law/better-regulation/have-your-say/initiatives/12527-Artificial-intelligence-ethical-and-legal-requirements/F2665533_en,data/pdfs/F2665533__090166e5e0a5f9e3.pdf,
F2665534,Feedback from: radiomics,,,https://ec.europa.eu/info/law/better-regulation/have-your-say/initiatives/12527-Artificial-intelligence-ethical-and-legal-requirements/F2665534_en,,data/text/F2665534.txt
F2665535,Feedback from: Association of Financial Markets in Europe,,,https://ec.europa.eu/info/law/better-regulation/have-your-say/initiatives/12527-Artificial-intelligence-ethical-and-legal-requirements/F2665535_en,data/pdfs/F2665535__090166e5e0a63bc2.pdf,
F2665536,"Feedback from: ITI, Information Technology Industry Council",,,https://ec.europa.eu/info/law/better-regulation/have-your-say/initiatives/12527-Artificial-intelligence-ethical-and-legal-requirements/F2665536_en,data/pdfs/F2665536__090166e5e0a648c2.pdf,
F2665510,Feedback from: Council of European Dentists (CED),,,https://ec.europa.eu/info/law/better-regulation/have-your-say/initiatives/12527-Artificial-intelligence-ethical-and-legal-requirements/F2665510_en,,data/text/F2665510.txt
F2665514,Feedback from: Artificial Intelligence Association of Lithuania (AIAL),,,https://ec.europa.eu/info/law/better-regulation/have-your-say/initiatives/12527-Artificial-intelligence-ethical-and-legal-requirements/F2665514_en,data/pdfs/F2665514__090166e5e0a46928.pdf,
F2665515,Feedback from: Volkswagen AG,,,https://ec.europa.eu/info/law/better-regulation/have-your-say/initiatives/12527-Artificial-intelligence-ethical-and-legal-requirements/F2665515_en,data/pdfs/F2665515__090166e5e0a465a3.pdf,
F2665516,Feedback from: Enel SpA,,,https://ec.europa.eu/info/law/better-regulation/have-your-say/initiatives/12527-Artificial-intelligence-ethical-and-legal-requirements/F2665516_en,data/pdfs/F2665516__090166e5e1cd1a72.pdf,
F2665517,Feedback from: ZVEI e.V.,,,https://ec.europa.eu/info/law/better-regulation/have-your-say/initiatives/12527-Artificial-intelligence-ethical-and-legal-requirements/F2665517_en,data/pdfs/F2665517__090166e5e0a48647.pdf,
F2665518,Feedback from: Negotia,,,https://ec.europa.eu/info/law/better-regulation/have-your-say/initiatives/12527-Artificial-intelligence-ethical-and-legal-requirements/F2665518_en,data/pdfs/F2665518__090166e5e0a4b122.pdf,
F2665519,Feedback from: Standing Committee of European Doctors (CPME),,,https://ec.europa.eu/info/law/better-regulation/have-your-say/initiatives/12527-Artificial-intelligence-ethical-and-legal-requirements/F2665519_en,data/pdfs/F2665519__090166e5e0a4de41.pdf,
F2665520,Feedback from: Equifax,,,https://ec.europa.eu/info/law/better-regulation/have-your-say/initiatives/12527-Artificial-intelligence-ethical-and-legal-requirements/F2665520_en,data/pdfs/F2665520__090166e5e0a4f33e.pdf,
F2665521,Feedback from: Center for Data Innovation,,,https://ec.europa.eu/info/law/better-regulation/have-your-say/initiatives/12527-Artificial-intelligence-ethical-and-legal-requirements/F2665521_en,data/pdfs/F2665521__090166e5e0a50357.pdf,
F2665524,Feedback from: Fondation pour le droit continental,,,https://ec.europa.eu/info/law/better-regulation/have-your-say/initiatives/12527-Artificial-intelligence-ethical-and-legal-requirements/F2665524_en,,data/text/F2665524.txt
F2665497,Feedback from: Small Business Standards (SBS),,,https://ec.europa.eu/info/law/better-regulation/have-your-say/initiatives/12527-Artificial-intelligence-ethical-and-legal-requirements/F2665497_en,data/pdfs/F2665497__090166e5e321cdad.pdf,
F2665498,Feedback from: Keidanren,,,https://ec.europa.eu/info/law/better-regulation/have-your-say/initiatives/12527-Artificial-intelligence-ethical-and-legal-requirements/F2665498_en,data/pdfs/F2665498__090166e5e1cd1a70.pdf,
F2665499,Feedback from: AESGP - Association of the European Self-Care Industry,,,https://ec.europa.eu/info/law/better-regulation/have-your-say/initiatives/12527-Artificial-intelligence-ethical-and-legal-requirements/F2665499_en,data/pdfs/F2665499__090166e5e0a35329.pdf,
F2665501,Feedback from: AI4Belgium,,,https://ec.europa.eu/info/law/better-regulation/have-your-say/initiatives/12527-Artificial-intelligence-ethical-and-legal-requirements/F2665501_en,data/pdfs/F2665501__090166e5e0a358c8.pdf,
F2665502,Feedback from: AI4Belgium,,,https://ec.europa.eu/info/law/better-regulation/have-your-say/initiatives/12527-Artificial-intelligence-ethical-and-legal-requirements/F2665502_en,data/pdfs/F2665502__090166e5e0a358cd.pdf,
F2665503,Feedback from: Deutscher Anwaltverein,,,https://ec.europa.eu/info/law/better-regulation/have-your-say/initiatives/12527-Artificial-intelligence-ethical-and-legal-requirements/F2665503_en,,data/text/F2665503.txt
F2665504,Feedback from: Thibault HELLEPUTTE,,,https://ec.europa.eu/info/law/better-regulation/have-your-say/initiatives/12527-Artificial-intelligence-ethical-and-legal-requirements/F2665504_en,data/pdfs/F2665504__090166e5e0a36c4d.pdf,
F2665505,Feedback from: Twilio,,,https://ec.europa.eu/info/law/better-regulation/have-your-say/initiatives/12527-Artificial-intelligence-ethical-and-legal-requirements/F2665505_en,data/pdfs/F2665505__090166e5e0a3baa9.pdf,
F2665507,Feedback from: Global Digital Foundation,,,https://ec.europa.eu/info/law/better-regulation/have-your-say/initiatives/12527-Artificial-intelligence-ethical-and-legal-requirements/F2665507_en,data/pdfs/F2665507__090166e5e0a3e165.pdf,
F2665508,Feedback from: German Banking Industry Committee,,,https://ec.europa.eu/info/law/better-regulation/have-your-say/initiatives/12527-Artificial-intelligence-ethical-and-legal-requirements/F2665508_en,data/pdfs/F2665508__090166e5e0a409af.pdf,
F2665480,"Feedback from: Legal, Ethical & Accountable Digital Society (LEADS) Lab, University of Birmingham",,,https://ec.europa.eu/info/law/better-regulation/have-your-say/initiatives/12527-Artificial-intelligence-ethical-and-legal-requirements/F2665480_en,data/pdfs/F2665480__090166e5e09f9f94.pdf,
F2665481,Feedback from: Consumer Technology Association,,,https://ec.europa.eu/info/law/better-regulation/have-your-say/initiatives/12527-Artificial-intelligence-ethical-and-legal-requirements/F2665481_en,data/pdfs/F2665481__090166e5e0a00bde.pdf,
F2665483,Feedback from: Fujitsu,,,https://ec.europa.eu/info/law/better-regulation/have-your-say/initiatives/12527-Artificial-intelligence-ethical-and-legal-requirements/F2665483_en,data/pdfs/F2665483__090166e5e0a07474.pdf,
F2665484,Feedback from: The Electronic Privacy Information Center (EPIC),,,https://ec.europa.eu/info/law/better-regulation/have-your-say/initiatives/12527-Artificial-intelligence-ethical-and-legal-requirements/F2665484_en,data/pdfs/F2665484__090166e5e0a170d6.pdf,
F2665486,Feedback from: Deutsche Börse Group,,,https://ec.europa.eu/info/law/better-regulation/have-your-say/initiatives/12527-Artificial-intelligence-ethical-and-legal-requirements/F2665486_en,data/pdfs/F2665486__090166e5e0a1f363.pdf,
F2665487,Feedback from: Bundesverband Digitale Wirtschaft (BVDW) e.V.,,,https://ec.europa.eu/info/law/better-regulation/have-your-say/initiatives/12527-Artificial-intelligence-ethical-and-legal-requirements/F2665487_en,,data/text/F2665487.txt
F2665488,Feedback from: Verband kommunaler Unternehmen e.V.,,,https://ec.europa.eu/info/law/better-regulation/have-your-say/initiatives/12527-Artificial-intelligence-ethical-and-legal-requirements/F2665488_en,,data/text/F2665488.txt
F2665490,Feedback from: Johnson & Johnson,,,https://ec.europa.eu/info/law/better-regulation/have-your-say/initiatives/12527-Artificial-intelligence-ethical-and-legal-requirements/F2665490_en,data/pdfs/F2665490__090166e5e0a2e77c.pdf,
F2665491,Feedback from: KU Leuven Centre for IT and IP Law,,,https://ec.europa.eu/info/law/better-regulation/have-your-say/initiatives/12527-Artificial-intelligence-ethical-and-legal-requirements/F2665491_en,data/pdfs/F2665491__090166e5e0a3162e.pdf,
F2665494,Feedback from: Intel Corporation,,,https://ec.europa.eu/info/law/better-regulation/have-your-say/initiatives/12527-Artificial-intelligence-ethical-and-legal-requirements/F2665494_en,data/pdfs/F2665494__090166e5e0a331f3.pdf,
F2665469,Feedback from: KMD A/S,,,https://ec.europa.eu/info/law/better-regulation/have-your-say/initiatives/12527-Artificial-intelligence-ethical-and-legal-requirements/F2665469_en,data/pdfs/F2665469__090166e5e09e3789.pdf,
F2665471,Feedback from: Sella Group,,,https://ec.europa.eu/info/law/better-regulation/have-your-say/initiatives/12527-Artificial-intelligence-ethical-and-legal-requirements/F2665471_en,data/pdfs/F2665471__090166e5e09e44dc.pdf,
F2665472,Feedback from: ZPP,,,https://ec.europa.eu/info/law/better-regulation/have-your-say/initiatives/12527-Artificial-intelligence-ethical-and-legal-requirements/F2665472_en,,data/text/F2665472.txt
F2665473,Feedback from: DeepMind,,,https://ec.europa.eu/info/law/better-regulation/have-your-say/initiatives/12527-Artificial-intelligence-ethical-and-legal-requirements/F2665473_en,data/pdfs/F2665473__090166e5e09e9f20.pdf,
F2665474,Feedback from: SPECTARIS e.V.,,,https://ec.europa.eu/info/law/better-regulation/have-your-say/initiatives/12527-Artificial-intelligence-ethical-and-legal-requirements/F2665474_en,data/pdfs/F2665474__090166e5e09e9f22.pdf,
F2665475,Feedback from: RELX,,,https://ec.europa.eu/info/law/better-regulation/have-your-say/initiatives/12527-Artificial-intelligence-ethical-and-legal-requirements/F2665475_en,data/pdfs/F2665475__090166e5e09ee8c0.pdf,
F2665476,Feedback from: German Medical Technology Association (BVMed),,,https://ec.europa.eu/info/law/better-regulation/have-your-say/initiatives/12527-Artificial-intelligence-ethical-and-legal-requirements/F2665476_en,data/pdfs/F2665476__090166e5e09f1794.pdf,
F2665477,Feedback from: Move EU,,,https://ec.europa.eu/info/law/better-regulation/have-your-say/initiatives/12527-Artificial-intelligence-ethical-and-legal-requirements/F2665477_en,data/pdfs/F2665477__090166e5e09f2f5e.pdf,
F2665478,Feedback from: Standard Chartered,,,https://ec.europa.eu/info/law/better-regulation/have-your-say/initiatives/12527-Artificial-intelligence-ethical-and-legal-requirements/F2665478_en,data/pdfs/F2665478__090166e5e09f5d35.pdf,
F2665479,Feedback from: CIO Platform Nederland,,,https://ec.europa.eu/info/law/better-regulation/have-your-say/initiatives/12527-Artificial-intelligence-ethical-and-legal-requirements/F2665479_en,data/pdfs/F2665479__090166e5e1cd1640.pdf,
F2665448,Feedback from: Europe Technology Policy Committee of the Association for Computing Machinery,,,https://ec.europa.eu/info/law/better-regulation/have-your-say/initiatives/12527-Artificial-intelligence-ethical-and-legal-requirements/F2665448_en,data/pdfs/F2665448__090166e5e09c47a0.pdf,
F2665452,Feedback from: BMW,,,https://ec.europa.eu/info/law/better-regulation/have-your-say/initiatives/12527-Artificial-intelligence-ethical-and-legal-requirements/F2665452_en,data/pdfs/F2665452__090166e5e09d0637.pdf,
F2665455,Feedback from: Association of Test Publishers,,,https://ec.europa.eu/info/law/better-regulation/have-your-say/initiatives/12527-Artificial-intelligence-ethical-and-legal-requirements/F2665455_en,data/pdfs/F2665455__090166e5e09d59f5.pdf,
F2665458,Feedback from: Bits of Freedom,,,https://ec.europa.eu/info/law/better-regulation/have-your-say/initiatives/12527-Artificial-intelligence-ethical-and-legal-requirements/F2665458_en,data/pdfs/F2665458__090166e5e09d6fcc.pdf,
F2665462,Feedback from: Access Now Europe,,,https://ec.europa.eu/info/law/better-regulation/have-your-say/initiatives/12527-Artificial-intelligence-ethical-and-legal-requirements/F2665462_en,data/pdfs/F2665462__090166e5e09dc8f3.pdf,
F2665463,Feedback from: Association of German Chambers of Industry and Commerce (DIHK),,,https://ec.europa.eu/info/law/better-regulation/have-your-say/initiatives/12527-Artificial-intelligence-ethical-and-legal-requirements/F2665463_en,data/pdfs/F2665463__090166e5e09ddbfb.pdf,
F2665464,Feedback from: Novartis International AG,,,https://ec.europa.eu/info/law/better-regulation/have-your-say/initiatives/12527-Artificial-intelligence-ethical-and-legal-requirements/F2665464_en,data/pdfs/F2665464__090166e5e09de27a.pdf,
F2665465,Feedback from: Assuralia,,,https://ec.europa.eu/info/law/better-regulation/have-your-say/initiatives/12527-Artificial-intelligence-ethical-and-legal-requirements/F2665465_en,data/pdfs/F2665465__090166e5e09de252.pdf,
F2665467,"Feedback from: Arthur's Legal, Strategies & Systems",,,https://ec.europa.eu/info/law/better-regulation/have-your-say/initiatives/12527-Artificial-intelligence-ethical-and-legal-requirements/F2665467_en,data/pdfs/F2665467__090166e5e09e3011.pdf,
F2665468,Feedback from: E.ON SE,,,https://ec.europa.eu/info/law/better-regulation/have-your-say/initiatives/12527-Artificial-intelligence-ethical-and-legal-requirements/F2665468_en,data/pdfs/F2665468__090166e5e09e306c.pdf,
F2665437,"Feedback from: ThinkTech, e.V.",,,https://ec.europa.eu/info/law/better-regulation/have-your-say/initiatives/12527-Artificial-intelligence-ethical-and-legal-requirements/F2665437_en,data/pdfs/F2665437__090166e5e09a43b6.pdf,
F2665438,Feedback from: Merck KGaA,,,https://ec.europa.eu/info/law/better-regulation/have-your-say/initiatives/12527-Artificial-intelligence-ethical-and-legal-requirements/F2665438_en,data/pdfs/F2665438__090166e5e09a61ac.pdf,
F2665439,Feedback from: Banco Bilbao Vizcaya Argentaria S.A.,,,https://ec.europa.eu/info/law/better-regulation/have-your-say/initiatives/12527-Artificial-intelligence-ethical-and-legal-requirements/F2665439_en,data/pdfs/F2665439__090166e5e09a6421.pdf,
F2665440,Feedback from: Ηοmo Digitalis,,,https://ec.europa.eu/info/law/better-regulation/have-your-say/initiatives/12527-Artificial-intelligence-ethical-and-legal-requirements/F2665440_en,,data/text/F2665440.txt
F2665441,Feedback from: SEMI EUROPE,,,https://ec.europa.eu/info/law/better-regulation/have-your-say/initiatives/12527-Artificial-intelligence-ethical-and-legal-requirements/F2665441_en,data/pdfs/F2665441__090166e5e09af6a1.pdf,
F2665442,Feedback from: Huawei Technologies,,,https://ec.europa.eu/info/law/better-regulation/have-your-say/initiatives/12527-Artificial-intelligence-ethical-and-legal-requirements/F2665442_en,data/pdfs/F2665442__090166e5e09b4185.pdf,
F2665443,Feedback from: Liberty Global,,,https://ec.europa.eu/info/law/better-regulation/have-your-say/initiatives/12527-Artificial-intelligence-ethical-and-legal-requirements/F2665443_en,data/pdfs/F2665443__090166e5e09b5224.pdf,
F2665444,Feedback from: Mediaset Italia S.p.A.,,,https://ec.europa.eu/info/law/better-regulation/have-your-say/initiatives/12527-Artificial-intelligence-ethical-and-legal-requirements/F2665444_en,data/pdfs/F2665444__090166e5e09b74c5.pdf,
F2665445,Feedback from: Fédération nationale des travaux publics (FNTP),,,https://ec.europa.eu/info/law/better-regulation/have-your-say/initiatives/12527-Artificial-intelligence-ethical-and-legal-requirements/F2665445_en,,data/text/F2665445.txt
F2665447,Feedback from: Renaissance Numérique,,,https://ec.europa.eu/info/law/better-regulation/have-your-say/initiatives/12527-Artificial-intelligence-ethical-and-legal-requirements/F2665447_en,data/pdfs/F2665447__090166e5e09c39ea.pdf,
F2665416,Feedback from: NEC,,,https://ec.europa.eu/info/law/better-regulation/have-your-say/initiatives/12527-Artificial-intelligence-ethical-and-legal-requirements/F2665416_en,data/pdfs/F2665416__090166e5e095d233.pdf,
F2665420,Feedback from: European Savings and Retail Banking Group,,,https://ec.europa.eu/info/law/better-regulation/have-your-say/initiatives/12527-Artificial-intelligence-ethical-and-legal-requirements/F2665420_en,data/pdfs/F2665420__090166e5e096cf2a.pdf,
F2665421,Feedback from: The Polish Confederation Lewiatan,,,https://ec.europa.eu/info/law/better-regulation/have-your-say/initiatives/12527-Artificial-intelligence-ethical-and-legal-requirements/F2665421_en,data/pdfs/F2665421__090166e5e0973b2a.pdf,
F2665424,Feedback from: Glovo,,,https://ec.europa.eu/info/law/better-regulation/have-your-say/initiatives/12527-Artificial-intelligence-ethical-and-legal-requirements/F2665424_en,data/pdfs/F2665424__090166e5e0982f45.pdf,
F2665425,Feedback from: Federation of German Consumer Organisations (vzbv),,,https://ec.europa.eu/info/law/better-regulation/have-your-say/initiatives/12527-Artificial-intelligence-ethical-and-legal-requirements/F2665425_en,data/pdfs/F2665425__090166e5e09866ec.pdf,
F2665430,Feedback from: Vrije Universiteit Brussel (VUB) and CY Cergy Paris University,,,https://ec.europa.eu/info/law/better-regulation/have-your-say/initiatives/12527-Artificial-intelligence-ethical-and-legal-requirements/F2665430_en,data/pdfs/F2665430__090166e5e099a883.pdf,
F2665431,Feedback from: Związek Pracodawców Business & Science Poland,,,https://ec.europa.eu/info/law/better-regulation/have-your-say/initiatives/12527-Artificial-intelligence-ethical-and-legal-requirements/F2665431_en,,data/text/F2665431.txt
F2665432,Feedback from: BEUC - The European Consumer Organisation,,,https://ec.europa.eu/info/law/better-regulation/have-your-say/initiatives/12527-Artificial-intelligence-ethical-and-legal-requirements/F2665432_en,data/pdfs/F2665432__090166e5e099bc2c.pdf,
F2665433,Feedback from: Splunk,,,https://ec.europa.eu/info/law/better-regulation/have-your-say/initiatives/12527-Artificial-intelligence-ethical-and-legal-requirements/F2665433_en,data/pdfs/F2665433__090166e5e099d5c9.pdf,
F2665436,Feedback from: Verband der TÜV e. V.,,,https://ec.europa.eu/info/law/better-regulation/have-your-say/initiatives/12527-Artificial-intelligence-ethical-and-legal-requirements/F2665436_en,,data/text/F2665436.txt
F2665331,Feedback from: AstraZeneca,,,https://ec.europa.eu/info/law/better-regulation/have-your-say/initiatives/12527-Artificial-intelligence-ethical-and-legal-requirements/F2665331_en,data/pdfs/F2665331__090166e5e08f982a.pdf,
F2665345,Feedback from: Kammer für Arbeiter und Angestellte für Wien,,,https://ec.europa.eu/info/law/better-regulation/have-your-say/initiatives/12527-Artificial-intelligence-ethical-and-legal-requirements/F2665345_en,data/pdfs/F2665345__090166e5e090987b.pdf,
F2665383,Feedback from: Związek Cyfrowa Polska,,,https://ec.europa.eu/info/law/better-regulation/have-your-say/initiatives/12527-Artificial-intelligence-ethical-and-legal-requirements/F2665383_en,,data/text/F2665383.txt
F2665395,Feedback from: Confederation of Swedish Enterprise,,,https://ec.europa.eu/info/law/better-regulation/have-your-say/initiatives/12527-Artificial-intelligence-ethical-and-legal-requirements/F2665395_en,data/pdfs/F2665395__090166e5e1cd0fce.pdf,
F2665397,"Feedback from: Centre for Commercial Law, University of Aberdeen",,,https://ec.europa.eu/info/law/better-regulation/have-your-say/initiatives/12527-Artificial-intelligence-ethical-and-legal-requirements/F2665397_en,data/pdfs/F2665397__090166e5e093520b.pdf,
F2665403,Feedback from: ACCIS,,,https://ec.europa.eu/info/law/better-regulation/have-your-say/initiatives/12527-Artificial-intelligence-ethical-and-legal-requirements/F2665403_en,data/pdfs/F2665403__090166e5e093b096.pdf,
F2665406,Feedback from: AW AlgorithmWatch gGmbH,,,https://ec.europa.eu/info/law/better-regulation/have-your-say/initiatives/12527-Artificial-intelligence-ethical-and-legal-requirements/F2665406_en,data/pdfs/F2665406__090166e5e093f784.pdf,
F2665410,Feedback from: Developers Alliance,,,https://ec.europa.eu/info/law/better-regulation/have-your-say/initiatives/12527-Artificial-intelligence-ethical-and-legal-requirements/F2665410_en,data/pdfs/F2665410__090166e5e09441ad.pdf,
F2665411,Feedback from: VDMA,,,https://ec.europa.eu/info/law/better-regulation/have-your-say/initiatives/12527-Artificial-intelligence-ethical-and-legal-requirements/F2665411_en,data/pdfs/F2665411__090166e5e0945df3.pdf,
F2665415,Feedback from: Japan Electronics and Information Technology Industries Association(JEITA),,,https://ec.europa.eu/info/law/better-regulation/have-your-say/initiatives/12527-Artificial-intelligence-ethical-and-legal-requirements/F2665415_en,data/pdfs/F2665415__090166e5e094fe57.pdf,
F2665292,Feedback from: Bitkom e.V.,,,https://ec.europa.eu/info/law/better-regulation/have-your-say/initiatives/12527-Artificial-intelligence-ethical-and-legal-requirements/F2665292_en,data/pdfs/F2665292__090166e5e08c20fc.pdf,
F2665293,Feedback from: European Test Publishers Group (ETPG),,,https://ec.europa.eu/info/law/better-regulation/have-your-say/initiatives/12527-Artificial-intelligence-ethical-and-legal-requirements/F2665293_en,data/pdfs/F2665293__090166e5e08c7969.pdf,
F2665296,"Feedback from: Data, AI and Robotics aisbl",,,https://ec.europa.eu/info/law/better-regulation/have-your-say/initiatives/12527-Artificial-intelligence-ethical-and-legal-requirements/F2665296_en,data/pdfs/F2665296__090166e5e08c99df.pdf,
F2665297,Feedback from: BIL Sweden,,,https://ec.europa.eu/info/law/better-regulation/have-your-say/initiatives/12527-Artificial-intelligence-ethical-and-legal-requirements/F2665297_en,,data/text/F2665297.txt
F2665299,Feedback from: University of Central Lancashire Cyprus campus,,,https://ec.europa.eu/info/law/better-regulation/have-your-say/initiatives/12527-Artificial-intelligence-ethical-and-legal-requirements/F2665299_en,data/pdfs/F2665299__090166e5e1cd163c.pdf,
F2665314,Feedback from: Ministry of Local Government and Modernisation,,,https://ec.europa.eu/info/law/better-regulation/have-your-say/initiatives/12527-Artificial-intelligence-ethical-and-legal-requirements/F2665314_en,data/pdfs/F2665314__090166e5e08e7cd5.pdf,
F2665315,Feedback from: Finnish Center for Artificial Intelligence,,,https://ec.europa.eu/info/law/better-regulation/have-your-say/initiatives/12527-Artificial-intelligence-ethical-and-legal-requirements/F2665315_en,,data/text/F2665315.txt
F2665321,Feedback from: Gesamtverband der Deutschen Versicherungswirtschaft e. V.,,,https://ec.europa.eu/info/law/better-regulation/have-your-say/initiatives/12527-Artificial-intelligence-ethical-and-legal-requirements/F2665321_en,data/pdfs/F2665321__090166e5e08f1a5d.pdf,
F2665323,Feedback from: Laboratoire national de métrologie et d'essais (LNE),,,https://ec.europa.eu/info/law/better-regulation/have-your-say/initiatives/12527-Artificial-intelligence-ethical-and-legal-requirements/F2665323_en,data/pdfs/F2665323__090166e5e08f408f.pdf,
F2665329,Feedback from: Netherlands Normalisation Institute (NEN),,,https://ec.europa.eu/info/law/better-regulation/have-your-say/initiatives/12527-Artificial-intelligence-ethical-and-legal-requirements/F2665329_en,,data/text/F2665329.txt
F2665249,Feedback from: industriAll European Trade Union,,,https://ec.europa.eu/info/law/better-regulation/have-your-say/initiatives/12527-Artificial-intelligence-ethical-and-legal-requirements/F2665249_en,data/pdfs/F2665249__090166e5e082a359.pdf,
F2665252,Feedback from: COV (Christelijk Onderwijzersverbond),,,https://ec.europa.eu/info/law/better-regulation/have-your-say/initiatives/12527-Artificial-intelligence-ethical-and-legal-requirements/F2665252_en,data/pdfs/F2665252__090166e5e083274c.pdf,
F2665256,Feedback from: Wikimedia (FKAGEU),,,https://ec.europa.eu/info/law/better-regulation/have-your-say/initiatives/12527-Artificial-intelligence-ethical-and-legal-requirements/F2665256_en,,data/text/F2665256.txt
F2665260,Feedback from: Adigital,,,https://ec.europa.eu/info/law/better-regulation/have-your-say/initiatives/12527-Artificial-intelligence-ethical-and-legal-requirements/F2665260_en,data/pdfs/F2665260__090166e5e0849538.pdf,
F2665262,"Feedback from: Federal Ministry for Social Affairs, Health, Care and Consumer Protection",,,https://ec.europa.eu/info/law/better-regulation/have-your-say/initiatives/12527-Artificial-intelligence-ethical-and-legal-requirements/F2665262_en,,data/text/F2665262.txt
F2665266,Feedback from: 5Rights Foundation,,,https://ec.europa.eu/info/law/better-regulation/have-your-say/initiatives/12527-Artificial-intelligence-ethical-and-legal-requirements/F2665266_en,data/pdfs/F2665266__090166e5e08678db.pdf,
F2665281,Feedback from: ACT | The App Association,,,https://ec.europa.eu/info/law/better-regulation/have-your-say/initiatives/12527-Artificial-intelligence-ethical-and-legal-requirements/F2665281_en,data/pdfs/F2665281__090166e5e0880af4.pdf,
F2665284,Feedback from: Thorn,,,https://ec.europa.eu/info/law/better-regulation/have-your-say/initiatives/12527-Artificial-intelligence-ethical-and-legal-requirements/F2665284_en,data/pdfs/F2665284__090166e5e0884838.pdf,
F2665287,Feedback from: Anonymous,,,https://ec.europa.eu/info/law/better-regulation/have-your-say/initiatives/12527-Artificial-intelligence-ethical-and-legal-requirements/F2665287_en,,data/text/F2665287.txt
F2665289,Feedback from: ETSI,,,https://ec.europa.eu/info/law/better-regulation/have-your-say/initiatives/12527-Artificial-intelligence-ethical-and-legal-requirements/F2665289_en,data/pdfs/F2665289__090166e5e15ea6ba.pdf,
F2665221,Feedback from: Oxford Commission on AI and Good Governance,,,https://ec.europa.eu/info/law/better-regulation/have-your-say/initiatives/12527-Artificial-intelligence-ethical-and-legal-requirements/F2665221_en,data/pdfs/F2665221__090166e5e1cd1256.pdf,
F2665222,Feedback from: European Society of Radiology,,,https://ec.europa.eu/info/law/better-regulation/have-your-say/initiatives/12527-Artificial-intelligence-ethical-and-legal-requirements/F2665222_en,data/pdfs/F2665222__090166e5e0799ff1.pdf,
F2665225,Feedback from: eco - Verband der Internetwirtschaft e.V.,,,https://ec.europa.eu/info/law/better-regulation/have-your-say/initiatives/12527-Artificial-intelligence-ethical-and-legal-requirements/F2665225_en,data/pdfs/F2665225__090166e5e07b1ac7.pdf,
F2665226,Feedback from: ASF - ASSOCIATION FRANCAISE DES SOCIETES FINANCIERES,,,https://ec.europa.eu/info/law/better-regulation/have-your-say/initiatives/12527-Artificial-intelligence-ethical-and-legal-requirements/F2665226_en,,data/text/F2665226.txt
F2665227,Feedback from: Biogen,,,https://ec.europa.eu/info/law/better-regulation/have-your-say/initiatives/12527-Artificial-intelligence-ethical-and-legal-requirements/F2665227_en,,data/text/F2665227.txt
F2665231,Feedback from: OpenAI,,,https://ec.europa.eu/info/law/better-regulation/have-your-say/initiatives/12527-Artificial-intelligence-ethical-and-legal-requirements/F2665231_en,data/pdfs/F2665231__090166e5e07d4262.pdf,
F2665233,Feedback from: Workday,,,https://ec.europa.eu/info/law/better-regulation/have-your-say/initiatives/12527-Artificial-intelligence-ethical-and-legal-requirements/F2665233_en,data/pdfs/F2665233__090166e5e07fd19a.pdf,
F2665234,Feedback from: European Digital Rights (EDRi),,,https://ec.europa.eu/info/law/better-regulation/have-your-say/initiatives/12527-Artificial-intelligence-ethical-and-legal-requirements/F2665234_en,data/pdfs/F2665234__090166e5e080c7c7.pdf,
F2665235,Feedback from: SAP,,,https://ec.europa.eu/info/law/better-regulation/have-your-say/initiatives/12527-Artificial-intelligence-ethical-and-legal-requirements/F2665235_en,data/pdfs/F2665235__090166e5e080e542.pdf,
F2665242,"Feedback from: Centre for Democracy & Technology, Europe",,,https://ec.europa.eu/info/law/better-regulation/have-your-say/initiatives/12527-Artificial-intelligence-ethical-and-legal-requirements/F2665242_en,,data/text/F2665242.txt
F2665164,Feedback from: STM,,,https://ec.europa.eu/info/law/better-regulation/have-your-say/initiatives/12527-Artificial-intelligence-ethical-and-legal-requirements/F2665164_en,data/pdfs/F2665164__090166e5e065a52e.pdf,
F2665165,Feedback from: Hoffmann La Roche,,,https://ec.europa.eu/info/law/better-regulation/have-your-say/initiatives/12527-Artificial-intelligence-ethical-and-legal-requirements/F2665165_en,data/pdfs/F2665165__090166e5e0662f1d.pdf,
F2665167,Feedback from: APDSI - Associação para a Promoção e Desenvolvimento da Sociedade da Informação,,,https://ec.europa.eu/info/law/better-regulation/have-your-say/initiatives/12527-Artificial-intelligence-ethical-and-legal-requirements/F2665167_en,,data/text/F2665167.txt
F2665168,Feedback from: etami,,,https://ec.europa.eu/info/law/better-regulation/have-your-say/initiatives/12527-Artificial-intelligence-ethical-and-legal-requirements/F2665168_en,data/pdfs/F2665168__090166e5e0665fe9.pdf,
F2665169,Feedback from: Intesa Sanpaolo,,,https://ec.europa.eu/info/law/better-regulation/have-your-say/initiatives/12527-Artificial-intelligence-ethical-and-legal-requirements/F2665169_en,data/pdfs/F2665169__090166e5e0667941.pdf,
F2665170,Feedback from: Hub France IA,,,https://ec.europa.eu/info/law/better-regulation/have-your-say/initiatives/12527-Artificial-intelligence-ethical-and-legal-requirements/F2665170_en,data/pdfs/F2665170__090166e5e0668e96.pdf,
F2665205,Feedback from: German Education Union (GEW),,,https://ec.europa.eu/info/law/better-regulation/have-your-say/initiatives/12527-Artificial-intelligence-ethical-and-legal-requirements/F2665205_en,data/pdfs/F2665205__090166e5e0743e13.pdf,
F2665207,Feedback from: Alliance for Internet of Things Innovation (AIOTI),,,https://ec.europa.eu/info/law/better-regulation/have-your-say/initiatives/12527-Artificial-intelligence-ethical-and-legal-requirements/F2665207_en,data/pdfs/F2665207__090166e5e074b013.pdf,
F2665208,Feedback from: European Association of Hospital Pharmacists,,,https://ec.europa.eu/info/law/better-regulation/have-your-say/initiatives/12527-Artificial-intelligence-ethical-and-legal-requirements/F2665208_en,,data/text/F2665208.txt
F2665210,Feedback from: Italian Banking Association,,,https://ec.europa.eu/info/law/better-regulation/have-your-say/initiatives/12527-Artificial-intelligence-ethical-and-legal-requirements/F2665210_en,data/pdfs/F2665210__090166e5e0768112.pdf,
F2663361,Feedback from: EIT Health,,,https://ec.europa.eu/info/law/better-regulation/have-your-say/initiatives/12527-Artificial-intelligence-ethical-and-legal-requirements/F2663361_en,data/pdfs/F2663361__090166e5e1cd08fa.pdf,
F2663366,Feedback from: Centre for Information Policy Leadership (CIPL),,,https://ec.europa.eu/info/law/better-regulation/have-your-say/initiatives/12527-Artificial-intelligence-ethical-and-legal-requirements/F2663366_en,data/pdfs/F2663366__090166e5e058f0de.pdf,
F2663367,Feedback from: Agoria,,,https://ec.europa.eu/info/law/better-regulation/have-your-say/initiatives/12527-Artificial-intelligence-ethical-and-legal-requirements/F2663367_en,data/pdfs/F2663367__090166e5e0591159.pdf,
F2663375,Feedback from: Secure Identity Alliance,,,https://ec.europa.eu/info/law/better-regulation/have-your-say/initiatives/12527-Artificial-intelligence-ethical-and-legal-requirements/F2663375_en,data/pdfs/F2663375__090166e5e05c1090.pdf,
F2663380,Feedback from: The Information Accountability Foundation,,,https://ec.europa.eu/info/law/better-regulation/have-your-say/initiatives/12527-Artificial-intelligence-ethical-and-legal-requirements/F2663380_en,data/pdfs/F2663380__090166e5e05c9c36.pdf,
F2663391,Feedback from: ASNEF,,,https://ec.europa.eu/info/law/better-regulation/have-your-say/initiatives/12527-Artificial-intelligence-ethical-and-legal-requirements/F2663391_en,data/pdfs/F2663391__090166e5e05f761e.pdf,
F2663395,Feedback from: European Federation of Pharmaceutical Industries and Associations (EFPIA),,,https://ec.europa.eu/info/law/better-regulation/have-your-say/initiatives/12527-Artificial-intelligence-ethical-and-legal-requirements/F2663395_en,data/pdfs/F2663395__090166e5e061713e.pdf,
F2663398,Feedback from: ResMed,,,https://ec.europa.eu/info/law/better-regulation/have-your-say/initiatives/12527-Artificial-intelligence-ethical-and-legal-requirements/F2663398_en,data/pdfs/F2663398__090166e5e0618404.pdf,
F2663405,Feedback from: IDEMIA,,,https://ec.europa.eu/info/law/better-regulation/have-your-say/initiatives/12527-Artificial-intelligence-ethical-and-legal-requirements/F2663405_en,data/pdfs/F2663405__090166e5e061fcd5.pdf,
F2663486,Feedback from: ETUCE,,,https://ec.europa.eu/info/law/better-regulation/have-your-say/initiatives/12527-Artificial-intelligence-ethical-and-legal-requirements/F2663486_en,data/pdfs/F2663486__090166e5e06237cd.pdf,
F2663310,Feedback from: Center for AI and Digital Policy (CAIDP),,,https://ec.europa.eu/info/law/better-regulation/have-your-say/initiatives/12527-Artificial-intelligence-ethical-and-legal-requirements/F2663310_en,data/pdfs/F2663310__090166e5e04fc953.pdf,
F2663324,Feedback from: EUCOPE,,,https://ec.europa.eu/info/law/better-regulation/have-your-say/initiatives/12527-Artificial-intelligence-ethical-and-legal-requirements/F2663324_en,data/pdfs/F2663324__090166e5e1cd158b.pdf,
F2663328,Feedback from: France Industrie,,,https://ec.europa.eu/info/law/better-regulation/have-your-say/initiatives/12527-Artificial-intelligence-ethical-and-legal-requirements/F2663328_en,data/pdfs/F2663328__090166e5e0548887.pdf,
F2663339,Feedback from: European Automobile Manufacturers Association (ACEA),,,https://ec.europa.eu/info/law/better-regulation/have-your-say/initiatives/12527-Artificial-intelligence-ethical-and-legal-requirements/F2663339_en,data/pdfs/F2663339__090166e5e0563725.pdf,
F2663340,Feedback from: SOCIETE GENERALE,,,https://ec.europa.eu/info/law/better-regulation/have-your-say/initiatives/12527-Artificial-intelligence-ethical-and-legal-requirements/F2663340_en,data/pdfs/F2663340__090166e5e0565983.pdf,
F2663341,Feedback from: GFII,,,https://ec.europa.eu/info/law/better-regulation/have-your-say/initiatives/12527-Artificial-intelligence-ethical-and-legal-requirements/F2663341_en,data/pdfs/F2663341__090166e5e0565e2e.pdf,
F2663348,Feedback from: Eurosmart,,,https://ec.europa.eu/info/law/better-regulation/have-your-say/initiatives/12527-Artificial-intelligence-ethical-and-legal-requirements/F2663348_en,data/pdfs/F2663348__090166e5e056e963.pdf,
F2663356,Feedback from: Vereinigung der Arbeitgeberverbände der Deutschen Papierindustrie e. V.,,,https://ec.europa.eu/info/law/better-regulation/have-your-say/initiatives/12527-Artificial-intelligence-ethical-and-legal-requirements/F2663356_en,,data/text/F2663356.txt
F2663358,Feedback from: ORANGE,,,https://ec.europa.eu/info/law/better-regulation/have-your-say/initiatives/12527-Artificial-intelligence-ethical-and-legal-requirements/F2663358_en,data/pdfs/F2663358__090166e5e0580b87.pdf,
F2663359,Feedback from: Bayer AG,,,https://ec.europa.eu/info/law/better-regulation/have-your-say/initiatives/12527-Artificial-intelligence-ethical-and-legal-requirements/F2663359_en,,data/text/F2663359.txt
F2663064,Feedback from: Numeum,,,https://ec.europa.eu/info/law/better-regulation/have-your-say/initiatives/12527-Artificial-intelligence-ethical-and-legal-requirements/F2663064_en,,data/text/F2663064.txt
F2663125,Feedback from: APPLiA (Home Appliance Europe),,,https://ec.europa.eu/info/law/better-regulation/have-your-say/initiatives/12527-Artificial-intelligence-ethical-and-legal-requirements/F2663125_en,data/pdfs/F2663125__090166e5e1cd0e15.pdf,
F2663127,Feedback from: Eurocities,,,https://ec.europa.eu/info/law/better-regulation/have-your-say/initiatives/12527-Artificial-intelligence-ethical-and-legal-requirements/F2663127_en,data/pdfs/F2663127__090166e5e03d67db.pdf,
F2663157,"Feedback from: Hangzhou Hikvision Digital Technology Co., Ltd.",,,https://ec.europa.eu/info/law/better-regulation/have-your-say/initiatives/12527-Artificial-intelligence-ethical-and-legal-requirements/F2663157_en,data/pdfs/F2663157__090166e5e0407cc2.pdf,
F2663256,Feedback from: AFNUM - Alliance Française des Industries du Numérique,,,https://ec.europa.eu/info/law/better-regulation/have-your-say/initiatives/12527-Artificial-intelligence-ethical-and-legal-requirements/F2663256_en,,data/text/F2663256.txt
F2663263,Feedback from: BDA - Bundesvereinigung der Deutschen Arbeitgeberverbände,,,https://ec.europa.eu/info/law/better-regulation/have-your-say/initiatives/12527-Artificial-intelligence-ethical-and-legal-requirements/F2663263_en,,data/text/F2663263.txt
F2663268,Feedback from: European Disability Forum (EDF),,,https://ec.europa.eu/info/law/better-regulation/have-your-say/initiatives/12527-Artificial-intelligence-ethical-and-legal-requirements/F2663268_en,,data/text/F2663268.txt
F2663276,Feedback from: ACPR,,,https://ec.europa.eu/info/law/better-regulation/have-your-say/initiatives/12527-Artificial-intelligence-ethical-and-legal-requirements/F2663276_en,,data/text/F2663276.txt
F2663289,Feedback from: UK Information Commissioner's Office,,,https://ec.europa.eu/info/law/better-regulation/have-your-say/initiatives/12527-Artificial-intelligence-ethical-and-legal-requirements/F2663289_en,data/pdfs/F2663289__090166e5e04c2dab.pdf,
F2663295,Feedback from: No,,,https://ec.europa.eu/info/law/better-regulation/have-your-say/initiatives/12527-Artificial-intelligence-ethical-and-legal-requirements/F2663295_en,,data/text/F2663295.txt
F2662813,Feedback from: The Danish Chamber of Commerce,,,https://ec.europa.eu/info/law/better-regulation/have-your-say/initiatives/12527-Artificial-intelligence-ethical-and-legal-requirements/F2662813_en,,data/text/F2662813.txt
F2662846,Feedback from: Sanofi,,,https://ec.europa.eu/info/law/better-regulation/have-your-say/initiatives/12527-Artificial-intelligence-ethical-and-legal-requirements/F2662846_en,,data/text/F2662846.txt
F2662901,Feedback from: European Association of Co-operative Banks,,,https://ec.europa.eu/info/law/better-regulation/have-your-say/initiatives/12527-Artificial-intelligence-ethical-and-legal-requirements/F2662901_en,data/pdfs/F2662901__090166e5e0194d12.pdf,
F2662904,Feedback from: Commission nationale consultative des droits de l'homme,,,https://ec.europa.eu/info/law/better-regulation/have-your-say/initiatives/12527-Artificial-intelligence-ethical-and-legal-requirements/F2662904_en,data/pdfs/F2662904__090166e5e01ac5ea.pdf,
F2662925,Feedback from: European Tech Alliance,,,https://ec.europa.eu/info/law/better-regulation/have-your-say/initiatives/12527-Artificial-intelligence-ethical-and-legal-requirements/F2662925_en,data/pdfs/F2662925__090166e5e01c4f01.pdf,
F2662931,Feedback from: American Chamber of Commerce to the European Union (AmCham EU),,,https://ec.europa.eu/info/law/better-regulation/have-your-say/initiatives/12527-Artificial-intelligence-ethical-and-legal-requirements/F2662931_en,data/pdfs/F2662931__090166e5e01e0437.pdf,
F2662935,Feedback from: EnBW Energie Baden-Württemberg AG,,,https://ec.europa.eu/info/law/better-regulation/have-your-say/initiatives/12527-Artificial-intelligence-ethical-and-legal-requirements/F2662935_en,,data/text/F2662935.txt
F2662941,Feedback from: SIEMENS AG,,,https://ec.europa.eu/info/law/better-regulation/have-your-say/initiatives/12527-Artificial-intelligence-ethical-and-legal-requirements/F2662941_en,data/pdfs/F2662941__090166e5e01fd5e7.pdf,
F2662944,Feedback from: BlackBerry,,,https://ec.europa.eu/info/law/better-regulation/have-your-say/initiatives/12527-Artificial-intelligence-ethical-and-legal-requirements/F2662944_en,data/pdfs/F2662944__090166e5e02019cc.pdf,
F2663061,Feedback from: European Center for Not-For-Profit Law Stichting,,,https://ec.europa.eu/info/law/better-regulation/have-your-say/initiatives/12527-Artificial-intelligence-ethical-and-legal-requirements/F2663061_en,data/pdfs/F2663061__090166e5e031b144.pdf,
F2662543,Feedback from: The Guild of European Research-Intensive Universities,,,https://ec.europa.eu/info/law/better-regulation/have-your-say/initiatives/12527-Artificial-intelligence-ethical-and-legal-requirements/F2662543_en,data/pdfs/F2662543__090166e5dfdc6271.pdf,
F2662602,Feedback from: Patrick Glauner,,,https://ec.europa.eu/info/law/better-regulation/have-your-say/initiatives/12527-Artificial-intelligence-ethical-and-legal-requirements/F2662602_en,,data/text/F2662602.txt
F2662603,Feedback from: Patrick Glauner,,,https://ec.europa.eu/info/law/better-regulation/have-your-say/initiatives/12527-Artificial-intelligence-ethical-and-legal-requirements/F2662603_en,data/pdfs/F2662603__090166e5dfed57e3.pdf,
F2662611,Feedback from: Vrije Universiteit Brussel,,,https://ec.europa.eu/info/law/better-regulation/have-your-say/initiatives/12527-Artificial-intelligence-ethical-and-legal-requirements/F2662611_en,data/pdfs/F2662611__090166e5dfee2f58.pdf,
F2662644,Feedback from: Consumer Reports,,,https://ec.europa.eu/info/law/better-regulation/have-your-say/initiatives/12527-Artificial-intelligence-ethical-and-legal-requirements/F2662644_en,,data/text/F2662644.txt
F2662654,Feedback from: Pharmaceutical Group of the European Union (PGEU),,,https://ec.europa.eu/info/law/better-regulation/have-your-say/initiatives/12527-Artificial-intelligence-ethical-and-legal-requirements/F2662654_en,data/pdfs/F2662654__090166e5dff9c801.pdf,
F2662770,Feedback from: MEDEF,,,https://ec.europa.eu/info/law/better-regulation/have-your-say/initiatives/12527-Artificial-intelligence-ethical-and-legal-requirements/F2662770_en,data/pdfs/F2662770__090166e5e00d40d6.pdf,
F2662771,Feedback from: SICK AG,,,https://ec.europa.eu/info/law/better-regulation/have-your-say/initiatives/12527-Artificial-intelligence-ethical-and-legal-requirements/F2662771_en,,data/text/F2662771.txt
F2662780,Feedback from: ČMOS PŠ,,,https://ec.europa.eu/info/law/better-regulation/have-your-say/initiatives/12527-Artificial-intelligence-ethical-and-legal-requirements/F2662780_en,data/pdfs/F2662780__090166e5e00ea1a9.pdf,
F2662802,Feedback from: FIM,,,https://ec.europa.eu/info/law/better-regulation/have-your-say/initiatives/12527-Artificial-intelligence-ethical-and-legal-requirements/F2662802_en,data/pdfs/F2662802__090166e5e010e83c.pdf,
F2662176,Feedback from: Finans Danmark,,,https://ec.europa.eu/info/law/better-regulation/have-your-say/initiatives/12527-Artificial-intelligence-ethical-and-legal-requirements/F2662176_en,data/pdfs/F2662176__090166e5dfaa6487.pdf,
F2662182,Feedback from: CENTRO ESPAÑOL DE DERECHOS REPROGRÁFICOS EGDPI (CEDRO),,,https://ec.europa.eu/info/law/better-regulation/have-your-say/initiatives/12527-Artificial-intelligence-ethical-and-legal-requirements/F2662182_en,,data/text/F2662182.txt
F2662219,Feedback from: EuroGeographics,,,https://ec.europa.eu/info/law/better-regulation/have-your-say/initiatives/12527-Artificial-intelligence-ethical-and-legal-requirements/F2662219_en,data/pdfs/F2662219__090166e5dfaebcf3.pdf,
F2662226,Feedback from: ANEC,,,https://ec.europa.eu/info/law/better-regulation/have-your-say/initiatives/12527-Artificial-intelligence-ethical-and-legal-requirements/F2662226_en,data/pdfs/F2662226__090166e5dfaf7313.pdf,
F2662292,Feedback from: Civil Liberties Union for Europe,,,https://ec.europa.eu/info/law/better-regulation/have-your-say/initiatives/12527-Artificial-intelligence-ethical-and-legal-requirements/F2662292_en,data/pdfs/F2662292__090166e5dfb6428b.pdf,
F2662381,Feedback from: Radiocommunications Agency/ Agentschap Telecom NL,,,https://ec.europa.eu/info/law/better-regulation/have-your-say/initiatives/12527-Artificial-intelligence-ethical-and-legal-requirements/F2662381_en,,data/text/F2662381.txt
F2662411,Feedback from: International Center for Ethics in the Sciences and Humanities (IZEW),,,https://ec.europa.eu/info/law/better-regulation/have-your-say/initiatives/12527-Artificial-intelligence-ethical-and-legal-requirements/F2662411_en,,data/text/F2662411.txt
F2662463,Feedback from: European Association of Communications Agencies (EACA),,,https://ec.europa.eu/info/law/better-regulation/have-your-say/initiatives/12527-Artificial-intelligence-ethical-and-legal-requirements/F2662463_en,data/pdfs/F2662463__090166e5dfc73b97.pdf,
F2662473,Feedback from: Deutsche Sozialversicherung Arbeitsgemeinschaft e.V.,,,https://ec.europa.eu/info/law/better-regulation/have-your-say/initiatives/12527-Artificial-intelligence-ethical-and-legal-requirements/F2662473_en,,data/text/F2662473.txt
F2662492,Feedback from: Google,,,https://ec.europa.eu/info/law/better-regulation/have-your-say/initiatives/12527-Artificial-intelligence-ethical-and-legal-requirements/F2662492_en,data/pdfs/F2662492__090166e5dfcec997.pdf,
F2661333,Feedback from: Region Västra Götaland,,,https://ec.europa.eu/info/law/better-regulation/have-your-say/initiatives/12527-Artificial-intelligence-ethical-and-legal-requirements/F2661333_en,data/pdfs/F2661333__090166e5df5d3692.pdf,
F2661384,Feedback from: ETSI,,,https://ec.europa.eu/info/law/better-regulation/have-your-say/initiatives/12527-Artificial-intelligence-ethical-and-legal-requirements/F2661384_en,data/pdfs/F2661384__090166e5df6b4e42.pdf,
F2661481,Feedback from: DEKRA e.V.,,,https://ec.europa.eu/info/law/better-regulation/have-your-say/initiatives/12527-Artificial-intelligence-ethical-and-legal-requirements/F2661481_en,,data/text/F2661481.txt
F2661501,Feedback from: CSC - IT Center for Science,,,https://ec.europa.eu/info/law/better-regulation/have-your-say/initiatives/12527-Artificial-intelligence-ethical-and-legal-requirements/F2661501_en,,data/text/F2661501.txt
F2661969,Feedback from: LO Sweden,,,https://ec.europa.eu/info/law/better-regulation/have-your-say/initiatives/12527-Artificial-intelligence-ethical-and-legal-requirements/F2661969_en,,data/text/F2661969.txt
F2661971,Feedback from: Teachers' Union of Ireland,,,https://ec.europa.eu/info/law/better-regulation/have-your-say/initiatives/12527-Artificial-intelligence-ethical-and-legal-requirements/F2661971_en,,data/text/F2661971.txt
F2661982,Feedback from: Norwegian Open AI Lab,,,https://ec.europa.eu/info/law/better-regulation/have-your-say/initiatives/12527-Artificial-intelligence-ethical-and-legal-requirements/F2661982_en,data/pdfs/F2661982__090166e5df8d5a7b.pdf,
F2662075,Feedback from: EURALARM,,,https://ec.europa.eu/info/law/better-regulation/have-your-say/initiatives/12527-Artificial-intelligence-ethical-and-legal-requirements/F2662075_en,data/pdfs/F2662075__090166e5df9dc440.pdf,
F2662109,Feedback from: HOPE - European Hospital and Healthcare Federation,,,https://ec.europa.eu/info/law/better-regulation/have-your-say/initiatives/12527-Artificial-intelligence-ethical-and-legal-requirements/F2662109_en,data/pdfs/F2662109__090166e5dfa2c015.pdf,
F2662175,Feedback from: Allied for Startups,,,https://ec.europa.eu/info/law/better-regulation/have-your-say/initiatives/12527-Artificial-intelligence-ethical-and-legal-requirements/F2662175_en,,data/text/F2662175.txt
F2636199,Feedback from: Engine B,,,https://ec.europa.eu/info/law/better-regulation/have-your-say/initiatives/12527-Artificial-intelligence-ethical-and-legal-requirements/F2636199_en,,data/text/F2636199.txt
F2636210,Feedback from: The Federation of Finnish Enterprises,,,https://ec.europa.eu/info/law/better-regulation/have-your-say/initiatives/12527-Artificial-intelligence-ethical-and-legal-requirements/F2636210_en,data/pdfs/F2636210__090166e5debd833e.pdf,
F2636257,Feedback from: Austrian Federal Economic Chamber (WKO),,,https://ec.europa.eu/info/law/better-regulation/have-your-say/initiatives/12527-Artificial-intelligence-ethical-and-legal-requirements/F2636257_en,,data/text/F2636257.txt
F2660134,"Feedback from: COLEGIO DE REGISTRADORES DE LA PROPIEDAD, MERCANTILES Y DE BIENES MUEBLES DE ESPAÑA",,,https://ec.europa.eu/info/law/better-regulation/have-your-say/initiatives/12527-Artificial-intelligence-ethical-and-legal-requirements/F2660134_en,,data/text/F2660134.txt
F2660159,Feedback from: German Trade Union Confederation DGB,,,https://ec.europa.eu/info/law/better-regulation/have-your-say/initiatives/12527-Artificial-intelligence-ethical-and-legal-requirements/F2660159_en,data/pdfs/F2660159__090166e5def22c4a.pdf,
F2660495,Feedback from: DECO,,,https://ec.europa.eu/info/law/better-regulation/have-your-say/initiatives/12527-Artificial-intelligence-ethical-and-legal-requirements/F2660495_en,,data/text/F2660495.txt
F2660510,Feedback from: City of Stockholm,,,https://ec.europa.eu/info/law/better-regulation/have-your-say/initiatives/12527-Artificial-intelligence-ethical-and-legal-requirements/F2660510_en,data/pdfs/F2660510__090166e5df174065.pdf,
F2660543,Feedback from: Medtech & Pharma Platform Association (MPP),,,https://ec.europa.eu/info/law/better-regulation/have-your-say/initiatives/12527-Artificial-intelligence-ethical-and-legal-requirements/F2660543_en,data/pdfs/F2660543__090166e5df2ab313.pdf,
F2660588,"Feedback from: European Coordination Committee of the Radiological, Electromedical and healthcare IT Industry (COCIR)",,,https://ec.europa.eu/info/law/better-regulation/have-your-say/initiatives/12527-Artificial-intelligence-ethical-and-legal-requirements/F2660588_en,data/pdfs/F2660588__090166e5df401de4.pdf,
F2660610,Feedback from: Kaspar Rosager Ludvigsen,,,https://ec.europa.eu/info/law/better-regulation/have-your-say/initiatives/12527-Artificial-intelligence-ethical-and-legal-requirements/F2660610_en,data/pdfs/F2660610__090166e5df44720d.pdf,
F2256824,Feedback from: NEC Laboratories Europe GmbH,,,https://ec.europa.eu/info/law/better-regulation/have-your-say/initiatives/12527-Artificial-intelligence-ethical-and-legal-requirements/F2256824_en,,data/text/F2256824.txt
F2324448,Feedback from: The Value Engineers,,,https://ec.europa.eu/info/law/better-regulation/have-your-say/initiatives/12527-Artificial-intelligence-ethical-and-legal-requirements/F2324448_en,,data/text/F2324448.txt
F2334478,Feedback from: Anonymous,,,https://ec.europa.eu/info/law/better-regulation/have-your-say/initiatives/12527-Artificial-intelligence-ethical-and-legal-requirements/F2334478_en,,data/text/F2334478.txt
F2488672,Feedback from: SAZKA Group a.s.,,,https://ec.europa.eu/info/law/better-regulation/have-your-say/initiatives/12527-Artificial-intelligence-ethical-and-legal-requirements/F2488672_en,data/pdfs/F2488672__090166e5de3652b5.pdf,
F2522258,Feedback from: Joanna Karczewska,,,https://ec.europa.eu/info/law/better-regulation/have-your-say/initiatives/12527-Artificial-intelligence-ethical-and-legal-requirements/F2522258_en,,data/text/F2522258.txt
F2596917,Feedback from: Public Intelligence organisation,,,https://ec.europa.eu/info/law/better-regulation/have-your-say/initiatives/12527-Artificial-intelligence-ethical-and-legal-requirements/F2596917_en,,data/text/F2596917.txt
F2625382,Feedback from: Alliance VITA,,,https://ec.europa.eu/info/law/better-regulation/have-your-say/initiatives/12527-Artificial-intelligence-ethical-and-legal-requirements/F2625382_en,,data/text/F2625382.txt
F2635975,Feedback from: Artificial and Natural Intelligence Toulouse Institute (ANITI),,,https://ec.europa.eu/info/law/better-regulation/have-your-say/initiatives/12527-Artificial-intelligence-ethical-and-legal-requirements/F2635975_en,data/pdfs/F2635975__090166e5de7d637e.pdf,
F2635987,Feedback from: DIN Deutsches Institut für Normung e.V.,,,https://ec.europa.eu/info/law/better-regulation/have-your-say/initiatives/12527-Artificial-intelligence-ethical-and-legal-requirements/F2635987_en,data/pdfs/F2635987__090166e5de812c7c.pdf,
F2636017,Feedback from: UNI Europa,,,https://ec.europa.eu/info/law/better-regulation/have-your-say/initiatives/12527-Artificial-intelligence-ethical-and-legal-requirements/F2636017_en,data/pdfs/F2636017__090166e5de8d4aa7.pdf,
F2242316,Feedback from: Даниел Кузманов,,,https://ec.europa.eu/info/law/better-regulation/have-your-say/initiatives/12527-Artificial-intelligence-ethical-and-legal-requirements/F2242316_en,,data/text/F2242316.txt
F2242340,Feedback from: SB Science Management UG (haftungsbeschränkt),,,https://ec.europa.eu/info/law/better-regulation/have-your-say/initiatives/12527-Artificial-intelligence-ethical-and-legal-requirements/F2242340_en,,data/text/F2242340.txt
F2256463,Feedback from: gauthier lasou,,,https://ec.europa.eu/info/law/better-regulation/have-your-say/initiatives/12527-Artificial-intelligence-ethical-and-legal-requirements/F2256463_en,,data/text/F2256463.txt
F2256808,Feedback from: Agence du Numérique (AdN),,,https://ec.europa.eu/info/law/better-regulation/have-your-say/initiatives/12527-Artificial-intelligence-ethical-and-legal-requirements/F2256808_en,,data/text/F2256808.txt
